county,chamber,district,mode,days_out,ballots
BALDWIN,house,149,mail,34,3
BALDWIN,senate,25,mail,34,3
BARROW,house,119,mail,34,1
BARROW,senate,47,mail,34,1
BARTOW,house,14,mail,34,2
BARTOW,house,14,mail,36,1
BARTOW,house,15,mail,34,2
BARTOW,house,15,mail,43,2
BARTOW,senate,52,mail,34,4
BARTOW,senate,52,mail,36,1
BARTOW,senate,52,mail,43,2
BIBB,house,142,mail,32,1
BIBB,house,142,mail,33,2
BIBB,house,143,mail,35,1
BIBB,house,144,mail,35,1
BIBB,house,145,mail,31,1
BIBB,senate,18,mail,32,1
BIBB,senate,18,mail,35,1
BIBB,senate,25,mail,33,2
BIBB,senate,26,mail,31,1
BIBB,senate,26,mail,35,1
BRYAN,house,166,mail,33,3
BRYAN,house,166,mail,35,1
BRYAN,house,166,mail,36,3
BRYAN,senate,1,mail,33,3
BRYAN,senate,1,mail,35,1
BRYAN,senate,1,mail,36,3
BULLOCH,house,160,mail,35,1
BULLOCH,house,160,mail,42,1
BULLOCH,senate,4,mail,35,1
BULLOCH,senate,4,mail,42,1
CAMDEN,house,180,mail,32,1
CAMDEN,house,180,mail,33,2
CAMDEN,house,180,mail,36,1
CAMDEN,house,180,mail,42,1
CAMDEN,senate,3,mail,32,1
CAMDEN,senate,3,mail,33,2
CAMDEN,senate,3,mail,36,1
CAMDEN,senate,3,mail,42,1
CARROLL,house,71,mail,33,1
CARROLL,house,71,mail,35,1
CARROLL,house,71,mail,36,1
CARROLL,house,72,mail,46,2
CARROLL,senate,30,mail,33,1
CARROLL,senate,30,mail,35,1
CARROLL,senate,30,mail,36,1
CARROLL,senate,30,mail,46,2
CHARLTON,house,174,mail,33,1
CHARLTON,senate,3,mail,33,1
CHATHAM,house,161,mail,34,2
CHATHAM,house,161,mail,36,1
CHATHAM,house,162,mail,32,1
CHATHAM,house,162,mail,33,1
CHATHAM,house,163,mail,32,1
CHATHAM,house,163,mail,34,1
CHATHAM,house,163,mail,35,3
CHATHAM,house,163,mail,40,1
CHATHAM,house,164,mail,32,2
CHATHAM,house,164,mail,35,2
CHATHAM,house,164,mail,36,2
CHATHAM,house,165,mail,34,1
CHATHAM,house,165,mail,42,2
CHATHAM,house,165,mail,43,1
CHATHAM,house,166,mail,34,3
CHATHAM,house,166,mail,36,2
CHATHAM,house,166,mail,42,2
CHATHAM,house,166,mail,46,2
CHATHAM,senate,1,mail,34,4
CHATHAM,senate,1,mail,35,2
CHATHAM,senate,1,mail,36,3
CHATHAM,senate,1,mail,42,2
CHATHAM,senate,1,mail,46,2
CHATHAM,senate,2,mail,32,2
CHATHAM,senate,2,mail,33,1
CHATHAM,senate,2,mail,34,3
CHATHAM,senate,2,mail,35,3
CHATHAM,senate,2,mail,36,1
CHATHAM,senate,2,mail,40,1
CHATHAM,senate,2,mail,42,2
CHATHAM,senate,2,mail,43,1
CHATHAM,senate,4,mail,32,2
CHATHAM,senate,4,mail,36,1
CHATTOOGA,house,12,mail,43,1
CHATTOOGA,senate,53,mail,43,1
CHEROKEE,house,14,mail,32,1
CHEROKEE,house,14,mail,33,1
CHEROKEE,house,14,mail,39,1
CHEROKEE,house,14,mail,46,2
CHEROKEE,house,20,mail,32,2
CHEROKEE,house,20,mail,33,1
CHEROKEE,house,20,mail,35,4
CHEROKEE,house,20,mail,36,2
CHEROKEE,house,20,mail,39,1
CHEROKEE,house,20,mail,40,1
CHEROKEE,house,21,mail,36,1
CHEROKEE,house,21,mail,39,4
CHEROKEE,house,21,mail,40,1
CHEROKEE,house,21,mail,41,2
CHEROKEE,house,21,mail,42,1
CHEROKEE,house,21,mail,43,2
CHEROKEE,house,23,mail,34,3
CHEROKEE,house,23,mail,36,6
CHEROKEE,house,23,mail,42,2
CHEROKEE,house,23,mail,43,1
CHEROKEE,house,46,mail,36,2
CHEROKEE,house,47,mail,34,2
CHEROKEE,senate,21,mail,32,1
CHEROKEE,senate,21,mail,33,1
CHEROKEE,senate,21,mail,34,5
CHEROKEE,senate,21,mail,36,7
CHEROKEE,senate,21,mail,39,5
CHEROKEE,senate,21,mail,40,1
CHEROKEE,senate,21,mail,42,3
CHEROKEE,senate,21,mail,43,3
CHEROKEE,senate,21,mail,46,2
CHEROKEE,senate,32,mail,32,2
CHEROKEE,senate,32,mail,33,1
CHEROKEE,senate,32,mail,35,4
CHEROKEE,senate,32,mail,36,2
CHEROKEE,senate,32,mail,39,1
CHEROKEE,senate,32,mail,40,1
CHEROKEE,senate,56,mail,36,2
CHEROKEE,senate,56,mail,41,2
CLARKE,house,122,mail,34,1
CLARKE,house,122,mail,36,2
CLARKE,house,124,mail,33,1
CLARKE,house,124,mail,35,1
CLARKE,senate,46,mail,34,1
CLARKE,senate,47,mail,33,1
CLARKE,senate,47,mail,35,1
CLARKE,senate,47,mail,36,2
CLAYTON,house,74,mail,35,1
CLAYTON,house,74,mail,36,2
CLAYTON,house,75,mail,35,1
CLAYTON,house,76,mail,40,1
CLAYTON,house,79,mail,36,1
CLAYTON,senate,34,mail,35,2
CLAYTON,senate,34,mail,36,3
CLAYTON,senate,44,mail,40,1
COBB,house,22,mail,35,2
COBB,house,34,mail,32,1
COBB,house,34,mail,33,2
COBB,house,34,mail,39,2
COBB,house,35,mail,32,1
COBB,house,35,mail,36,1
COBB,house,35,mail,42,1
COBB,house,36,mail,32,1
COBB,house,36,mail,33,3
COBB,house,36,mail,34,1
COBB,house,36,mail,36,1
COBB,house,36,mail,40,1
COBB,house,36,mail,41,1
COBB,house,37,mail,32,1
COBB,house,37,mail,33,3
COBB,house,37,mail,36,2
COBB,house,37,mail,39,1
COBB,house,37,mail,40,1
COBB,house,38,mail,32,1
COBB,house,38,mail,33,2
COBB,house,39,mail,35,1
COBB,house,41,mail,33,2
COBB,house,41,mail,34,1
COBB,house,42,mail,32,1
COBB,house,42,mail,33,2
COBB,house,42,mail,34,1
COBB,house,42,mail,36,3
COBB,house,42,mail,39,2
COBB,house,42,mail,40,1
COBB,house,43,mail,32,1
COBB,house,43,mail,33,2
COBB,house,43,mail,35,1
COBB,house,43,mail,40,1
COBB,house,43,mail,43,2
COBB,house,44,mail,32,1
COBB,house,44,mail,34,2
COBB,house,45,mail,32,1
COBB,house,45,mail,33,1
COBB,house,45,mail,34,2
COBB,house,45,mail,35,2
COBB,house,45,mail,36,2
COBB,house,45,mail,40,3
COBB,house,45,mail,42,1
COBB,house,45,mail,43,2
COBB,house,46,mail,32,1
COBB,house,46,mail,33,2
COBB,house,46,mail,34,1
COBB,house,46,mail,36,2
COBB,house,46,mail,39,1
COBB,house,46,mail,43,1
COBB,house,46,mail,46,1
COBB,house,61,mail,34,2
COBB,house,61,mail,36,2
COBB,house,61,mail,40,1
COBB,senate,28,mail,32,1
COBB,senate,28,mail,33,1
COBB,senate,28,mail,35,1
COBB,senate,28,mail,36,1
COBB,senate,32,mail,32,1
COBB,senate,32,mail,33,2
COBB,senate,32,mail,34,4
COBB,senate,32,mail,35,2
COBB,senate,32,mail,36,2
COBB,senate,32,mail,42,1
COBB,senate,33,mail,32,2
COBB,senate,33,mail,33,7
COBB,senate,33,mail,35,1
COBB,senate,33,mail,39,1
COBB,senate,33,mail,40,5
COBB,senate,33,mail,43,2
COBB,senate,35,mail,32,1
COBB,senate,35,mail,33,2
COBB,senate,35,mail,34,4
COBB,senate,35,mail,36,4
COBB,senate,35,mail,39,2
COBB,senate,35,mail,40,2
COBB,senate,37,mail,32,3
COBB,senate,37,mail,33,5
COBB,senate,37,mail,34,1
COBB,senate,37,mail,36,2
COBB,senate,37,mail,39,2
COBB,senate,37,mail,40,1
COBB,senate,37,mail,41,1
COBB,senate,56,mail,32,2
COBB,senate,56,mail,33,2
COBB,senate,56,mail,34,1
COBB,senate,56,mail,35,2
COBB,senate,56,mail,36,4
COBB,senate,56,mail,39,1
COBB,senate,56,mail,42,1
COBB,senate,56,mail,43,3
COBB,senate,56,mail,46,1
COLUMBIA,house,125,mail,32,2
COLUMBIA,house,125,mail,33,1
COLUMBIA,house,125,mail,35,1
COLUMBIA,house,125,mail,36,2
COLUMBIA,house,127,mail,33,4
COLUMBIA,house,131,mail,32,4
COLUMBIA,house,131,mail,33,1
COLUMBIA,house,131,mail,34,1
COLUMBIA,house,131,mail,35,2
COLUMBIA,house,131,mail,36,1
COLUMBIA,house,131,mail,42,1
COLUMBIA,senate,23,mail,32,2
COLUMBIA,senate,23,mail,33,1
COLUMBIA,senate,23,mail,35,2
COLUMBIA,senate,23,mail,36,2
COLUMBIA,senate,24,mail,32,4
COLUMBIA,senate,24,mail,33,5
COLUMBIA,senate,24,mail,34,1
COLUMBIA,senate,24,mail,35,1
COLUMBIA,senate,24,mail,36,1
COLUMBIA,senate,24,mail,42,1
COWETA,house,67,mail,33,4
COWETA,house,70,mail,36,1
COWETA,house,73,mail,33,2
COWETA,house,73,mail,35,1
COWETA,senate,6,mail,33,6
COWETA,senate,6,mail,35,1
COWETA,senate,6,mail,36,1
CRISP,house,148,mail,34,1
CRISP,senate,13,mail,34,1
DAWSON,house,9,mail,36,1
DAWSON,senate,51,mail,36,1
DEKALB,house,101,mail,33,1
DEKALB,house,101,mail,36,1
DEKALB,house,101,mail,39,1
DEKALB,house,115,mail,39,1
DEKALB,house,52,mail,36,2
DEKALB,house,80,mail,33,2
DEKALB,house,83,mail,33,2
DEKALB,house,83,mail,36,1
DEKALB,house,83,mail,40,1
DEKALB,house,84,mail,33,2
DEKALB,house,84,mail,36,1
DEKALB,house,84,mail,39,1
DEKALB,house,84,mail,42,1
DEKALB,house,84,mail,46,1
DEKALB,house,85,mail,34,1
DEKALB,house,85,mail,36,1
DEKALB,house,85,mail,39,1
DEKALB,house,85,mail,40,1
DEKALB,house,86,mail,33,1
DEKALB,house,87,mail,33,1
DEKALB,house,87,mail,41,2
DEKALB,house,87,mail,42,1
DEKALB,house,89,mail,33,18
DEKALB,house,89,mail,34,1
DEKALB,house,89,mail,36,11
DEKALB,house,89,mail,39,1
DEKALB,house,89,mail,40,2
DEKALB,house,89,mail,42,1
DEKALB,house,89,mail,43,2
DEKALB,house,89,mail,46,1
DEKALB,house,90,mail,33,3
DEKALB,house,90,mail,35,2
DEKALB,house,90,mail,36,1
DEKALB,house,90,mail,40,2
DEKALB,house,90,mail,42,1
DEKALB,house,90,mail,46,1
DEKALB,senate,10,mail,33,2
DEKALB,senate,10,mail,36,3
DEKALB,senate,10,mail,39,2
DEKALB,senate,10,mail,40,1
DEKALB,senate,10,mail,42,1
DEKALB,senate,40,mail,33,4
DEKALB,senate,40,mail,36,3
DEKALB,senate,40,mail,39,1
DEKALB,senate,40,mail,40,1
DEKALB,senate,40,mail,41,2
DEKALB,senate,41,mail,33,2
DEKALB,senate,41,mail,34,1
DEKALB,senate,41,mail,36,1
DEKALB,senate,41,mail,42,1
DEKALB,senate,44,mail,33,22
DEKALB,senate,44,mail,34,1
DEKALB,senate,44,mail,35,2
DEKALB,senate,44,mail,36,11
DEKALB,senate,44,mail,39,2
DEKALB,senate,44,mail,40,4
DEKALB,senate,44,mail,42,2
DEKALB,senate,44,mail,43,2
DEKALB,senate,44,mail,46,3
DOUGHERTY,house,151,mail,36,1
DOUGHERTY,senate,12,mail,36,1
DOUGLAS,house,40,mail,42,1
DOUGLAS,house,64,mail,35,1
DOUGLAS,house,64,mail,36,1
DOUGLAS,house,64,mail,39,1
DOUGLAS,house,66,mail,34,1
DOUGLAS,house,66,mail,35,1
DOUGLAS,house,66,mail,36,1
DOUGLAS,senate,28,mail,34,1
DOUGLAS,senate,28,mail,35,2
DOUGLAS,senate,28,mail,36,1
DOUGLAS,senate,30,mail,36,1
DOUGLAS,senate,30,mail,39,1
DOUGLAS,senate,30,mail,42,1
EFFINGHAM,house,161,mail,33,1
EFFINGHAM,senate,4,mail,33,1
FANNIN,house,7,mail,32,2
FANNIN,house,7,mail,36,1
FANNIN,senate,51,mail,32,2
FANNIN,senate,51,mail,36,1
FAYETTE,house,68,mail,32,2
FAYETTE,house,68,mail,36,3
FAYETTE,house,73,mail,32,1
FAYETTE,house,73,mail,35,1
FAYETTE,house,73,mail,39,2
FAYETTE,house,82,mail,32,1
FAYETTE,house,82,mail,33,2
FAYETTE,house,82,mail,36,1
FAYETTE,house,82,mail,39,2
FAYETTE,senate,16,mail,32,4
FAYETTE,senate,16,mail,33,2
FAYETTE,senate,16,mail,35,1
FAYETTE,senate,16,mail,36,3
FAYETTE,senate,16,mail,39,4
FAYETTE,senate,34,mail,36,1
FLOYD,house,13,mail,36,1
FLOYD,house,13,mail,39,1
FLOYD,senate,52,mail,36,1
FLOYD,senate,52,mail,39,1
FORSYTH,house,100,mail,33,1
FORSYTH,house,24,mail,32,1
FORSYTH,house,24,mail,35,2
FORSYTH,house,25,mail,33,3
FORSYTH,house,26,mail,34,1
FORSYTH,house,26,mail,41,1
FORSYTH,house,26,mail,42,1
FORSYTH,house,26,mail,43,2
FORSYTH,house,26,mail,47,3
FORSYTH,house,28,mail,36,3
FORSYTH,house,28,mail,39,2
FORSYTH,senate,27,mail,32,1
FORSYTH,senate,27,mail,35,2
FORSYTH,senate,27,mail,36,3
FORSYTH,senate,27,mail,39,2
FORSYTH,senate,27,mail,43,2
FORSYTH,senate,27,mail,47,3
FORSYTH,senate,48,mail,33,4
FORSYTH,senate,48,mail,34,1
FORSYTH,senate,48,mail,41,1
FORSYTH,senate,48,mail,42,1
FULTON,house,25,mail,33,1
FULTON,house,47,mail,42,1
FULTON,house,48,mail,34,1
FULTON,house,48,mail,36,4
FULTON,house,48,mail,39,1
FULTON,house,48,mail,40,1
FULTON,house,49,mail,32,3
FULTON,house,49,mail,36,1
FULTON,house,50,mail,32,2
FULTON,house,50,mail,33,2
FULTON,house,50,mail,36,3
FULTON,house,50,mail,39,1
FULTON,house,50,mail,41,2
FULTON,house,51,mail,32,1
FULTON,house,51,mail,33,3
FULTON,house,51,mail,35,3
FULTON,house,51,mail,36,2
FULTON,house,51,mail,39,1
FULTON,house,52,mail,32,3
FULTON,house,52,mail,33,1
FULTON,house,52,mail,36,3
FULTON,house,52,mail,40,2
FULTON,house,53,mail,32,1
FULTON,house,53,mail,33,5
FULTON,house,53,mail,34,1
FULTON,house,53,mail,35,1
FULTON,house,53,mail,36,3
FULTON,house,53,mail,40,2
FULTON,house,54,mail,32,1
FULTON,house,54,mail,33,2
FULTON,house,54,mail,34,2
FULTON,house,54,mail,35,2
FULTON,house,54,mail,36,1
FULTON,house,54,mail,40,1
FULTON,house,54,mail,41,3
FULTON,house,54,mail,42,1
FULTON,house,54,mail,43,3
FULTON,house,55,mail,32,1
FULTON,house,55,mail,33,3
FULTON,house,55,mail,34,1
FULTON,house,55,mail,35,2
FULTON,house,55,mail,36,3
FULTON,house,56,mail,33,1
FULTON,house,56,mail,34,2
FULTON,house,56,mail,36,5
FULTON,house,56,mail,41,2
FULTON,house,57,mail,32,6
FULTON,house,57,mail,33,6
FULTON,house,57,mail,34,3
FULTON,house,57,mail,35,1
FULTON,house,57,mail,36,7
FULTON,house,57,mail,39,1
FULTON,house,57,mail,40,1
FULTON,house,57,mail,43,3
FULTON,house,58,mail,34,1
FULTON,house,58,mail,35,1
FULTON,house,58,mail,36,4
FULTON,house,59,mail,32,1
FULTON,house,59,mail,33,3
FULTON,house,59,mail,40,1
FULTON,house,60,mail,32,2
FULTON,house,60,mail,33,1
FULTON,house,62,mail,32,2
FULTON,house,62,mail,33,3
FULTON,house,62,mail,34,3
FULTON,house,62,mail,35,1
FULTON,house,62,mail,36,3
FULTON,house,62,mail,39,2
FULTON,house,62,mail,41,1
FULTON,house,63,mail,32,6
FULTON,house,65,mail,33,1
FULTON,house,65,mail,36,1
FULTON,house,65,mail,39,1
FULTON,house,68,mail,32,1
FULTON,senate,14,mail,32,5
FULTON,senate,14,mail,33,8
FULTON,senate,14,mail,34,2
FULTON,senate,14,mail,35,4
FULTON,senate,14,mail,36,10
FULTON,senate,14,mail,39,1
FULTON,senate,14,mail,40,4
FULTON,senate,14,mail,41,3
FULTON,senate,14,mail,42,1
FULTON,senate,14,mail,43,1
FULTON,senate,21,mail,32,3
FULTON,senate,21,mail,42,1
FULTON,senate,28,mail,33,1
FULTON,senate,35,mail,36,1
FULTON,senate,35,mail,39,1
FULTON,senate,36,mail,32,10
FULTON,senate,36,mail,33,8
FULTON,senate,36,mail,34,6
FULTON,senate,36,mail,35,2
FULTON,senate,36,mail,36,11
FULTON,senate,36,mail,39,2
FULTON,senate,36,mail,40,1
FULTON,senate,36,mail,41,3
FULTON,senate,38,mail,32,2
FULTON,senate,38,mail,33,7
FULTON,senate,38,mail,34,1
FULTON,senate,38,mail,35,2
FULTON,senate,38,mail,36,4
FULTON,senate,38,mail,40,1
FULTON,senate,39,mail,32,8
FULTON,senate,39,mail,33,5
FULTON,senate,39,mail,34,5
FULTON,senate,39,mail,35,2
FULTON,senate,39,mail,36,9
FULTON,senate,39,mail,39,1
FULTON,senate,39,mail,40,1
FULTON,senate,39,mail,43,5
FULTON,senate,48,mail,32,2
FULTON,senate,48,mail,33,3
FULTON,senate,48,mail,36,4
FULTON,senate,48,mail,39,2
FULTON,senate,48,mail,41,2
FULTON,senate,56,mail,35,1
FULTON,senate,56,mail,36,1
FULTON,senate,56,mail,40,1
GLYNN,house,167,mail,42,2
GLYNN,house,179,mail,33,2
GLYNN,house,179,mail,35,3
GLYNN,house,179,mail,36,2
GLYNN,house,180,mail,33,1
GLYNN,senate,3,mail,33,3
GLYNN,senate,3,mail,35,3
GLYNN,senate,3,mail,36,2
GLYNN,senate,3,mail,42,2
GREENE,house,124,mail,36,1
GREENE,senate,24,mail,36,1
GWINNETT,house,100,mail,32,1
GWINNETT,house,102,mail,36,1
GWINNETT,house,102,mail,40,1
GWINNETT,house,102,mail,41,1
GWINNETT,house,102,mail,42,1
GWINNETT,house,103,mail,32,1
GWINNETT,house,103,mail,34,1
GWINNETT,house,103,mail,36,1
GWINNETT,house,105,mail,36,1
GWINNETT,house,105,mail,46,2
GWINNETT,house,106,mail,34,2
GWINNETT,house,106,mail,36,1
GWINNETT,house,106,mail,41,1
GWINNETT,house,107,mail,36,2
GWINNETT,house,107,mail,40,2
GWINNETT,house,107,mail,43,3
GWINNETT,house,108,mail,36,1
GWINNETT,house,110,mail,34,1
GWINNETT,house,110,mail,35,1
GWINNETT,house,110,mail,36,1
GWINNETT,house,111,mail,35,2
GWINNETT,house,48,mail,35,2
GWINNETT,house,48,mail,36,1
GWINNETT,house,94,mail,40,1
GWINNETT,house,96,mail,35,1
GWINNETT,house,96,mail,40,1
GWINNETT,house,97,mail,32,1
GWINNETT,house,97,mail,34,1
GWINNETT,house,97,mail,36,2
GWINNETT,house,97,mail,39,1
GWINNETT,house,97,mail,43,1
GWINNETT,house,98,mail,35,1
GWINNETT,house,98,mail,43,2
GWINNETT,house,99,mail,36,2
GWINNETT,house,99,mail,40,1
GWINNETT,senate,40,mail,34,1
GWINNETT,senate,40,mail,35,2
GWINNETT,senate,40,mail,36,1
GWINNETT,senate,43,mail,34,1
GWINNETT,senate,43,mail,35,1
GWINNETT,senate,43,mail,36,1
GWINNETT,senate,45,mail,32,1
GWINNETT,senate,45,mail,36,2
GWINNETT,senate,45,mail,46,2
GWINNETT,senate,46,mail,35,2
GWINNETT,senate,48,mail,32,1
GWINNETT,senate,5,mail,35,2
GWINNETT,senate,5,mail,36,1
GWINNETT,senate,5,mail,40,1
GWINNETT,senate,5,mail,43,2
GWINNETT,senate,55,mail,36,1
GWINNETT,senate,55,mail,40,1
GWINNETT,senate,7,mail,32,1
GWINNETT,senate,7,mail,34,1
GWINNETT,senate,7,mail,36,6
GWINNETT,senate,7,mail,39,1
GWINNETT,senate,7,mail,40,3
GWINNETT,senate,7,mail,43,4
GWINNETT,senate,9,mail,34,2
GWINNETT,senate,9,mail,36,1
GWINNETT,senate,9,mail,40,1
GWINNETT,senate,9,mail,41,2
GWINNETT,senate,9,mail,42,1
HABERSHAM,house,10,mail,42,1
HABERSHAM,senate,50,mail,42,1
HALL,house,100,mail,33,1
HALL,house,103,mail,32,1
HALL,house,103,mail,35,1
HALL,house,27,mail,33,1
HALL,house,29,mail,33,2
HALL,house,29,mail,40,2
HALL,house,30,mail,33,1
HALL,senate,49,mail,32,1
HALL,senate,49,mail,33,5
HALL,senate,49,mail,35,1
HALL,senate,49,mail,40,2
HARALSON,house,18,mail,43,1
HARALSON,senate,30,mail,43,1
HARRIS,house,139,mail,35,1
HARRIS,senate,29,mail,35,1
HENRY,house,115,mail,35,1
HENRY,house,115,mail,36,1
HENRY,house,116,mail,34,1
HENRY,house,81,mail,32,1
HENRY,house,81,mail,34,1
HENRY,senate,10,mail,35,1
HENRY,senate,17,mail,34,1
HENRY,senate,17,mail,36,1
HENRY,senate,42,mail,32,1
HENRY,senate,42,mail,34,1
HOUSTON,house,143,mail,33,1
HOUSTON,house,146,mail,39,1
HOUSTON,house,146,mail,43,2
HOUSTON,house,147,mail,36,2
HOUSTON,house,147,mail,39,1
HOUSTON,house,148,mail,39,1
HOUSTON,senate,18,mail,36,1
HOUSTON,senate,18,mail,39,1
HOUSTON,senate,20,mail,39,2
HOUSTON,senate,20,mail,43,2
HOUSTON,senate,26,mail,33,1
HOUSTON,senate,26,mail,36,1
JACKSON,house,120,mail,39,1
JACKSON,house,31,mail,47,2
JACKSON,senate,47,mail,47,2
JACKSON,senate,50,mail,39,1
LAURENS,house,155,mail,35,2
LAURENS,house,155,mail,36,1
LAURENS,senate,20,mail,35,2
LAURENS,senate,20,mail,36,1
LEE,house,152,mail,42,1
LEE,senate,13,mail,42,1
LIBERTY,house,168,mail,35,1
LIBERTY,senate,1,mail,35,1
LONG,house,167,mail,36,1
LONG,senate,19,mail,36,1
MERIWETHER,house,137,mail,39,1
MERIWETHER,senate,29,mail,39,1
MILLER,house,154,mail,34,1
MILLER,house,154,mail,35,1
MILLER,house,154,mail,40,1
MILLER,senate,12,mail,34,1
MILLER,senate,12,mail,35,1
MILLER,senate,12,mail,40,1
MONROE,house,145,mail,39,2
MONROE,senate,18,mail,39,2
MORGAN,house,114,mail,35,1
MORGAN,senate,42,mail,35,1
MURRAY,house,6,mail,35,1
MURRAY,senate,54,mail,35,1
MUSCOGEE,house,137,mail,33,1
MUSCOGEE,house,139,mail,34,1
MUSCOGEE,house,139,mail,36,2
MUSCOGEE,house,140,mail,34,1
MUSCOGEE,house,140,mail,35,1
MUSCOGEE,house,141,mail,35,1
MUSCOGEE,house,141,mail,41,1
MUSCOGEE,senate,15,mail,33,1
MUSCOGEE,senate,15,mail,34,1
MUSCOGEE,senate,15,mail,35,2
MUSCOGEE,senate,15,mail,36,1
MUSCOGEE,senate,15,mail,41,1
MUSCOGEE,senate,29,mail,34,1
MUSCOGEE,senate,29,mail,36,1
NEWTON,house,113,mail,33,1
NEWTON,senate,43,mail,33,1
OCONEE,house,121,mail,32,1
OCONEE,house,121,mail,33,1
OCONEE,house,121,mail,39,3
OCONEE,senate,46,mail,32,1
OCONEE,senate,46,mail,33,1
OCONEE,senate,46,mail,39,3
PAULDING,house,16,mail,32,1
PAULDING,house,17,mail,33,2
PAULDING,house,19,mail,33,2
PAULDING,senate,31,mail,32,1
PAULDING,senate,31,mail,33,4
PICKENS,house,11,mail,35,2
PICKENS,senate,51,mail,35,2
RABUN,house,10,mail,33,1
RABUN,house,10,mail,34,1
RABUN,senate,50,mail,33,1
RABUN,senate,50,mail,34,1
RICHMOND,house,126,mail,35,3
RICHMOND,house,127,mail,35,1
RICHMOND,house,129,mail,35,4
RICHMOND,house,129,mail,46,1
RICHMOND,house,132,mail,32,3
RICHMOND,house,132,mail,39,1
RICHMOND,senate,22,mail,32,3
RICHMOND,senate,22,mail,35,8
RICHMOND,senate,22,mail,39,1
RICHMOND,senate,22,mail,46,1
ROCKDALE,house,91,mail,36,2
ROCKDALE,house,91,mail,40,2
ROCKDALE,house,92,mail,32,4
ROCKDALE,house,92,mail,36,1
ROCKDALE,senate,43,mail,32,4
ROCKDALE,senate,43,mail,36,3
ROCKDALE,senate,43,mail,40,2
STEPHENS,house,32,mail,32,1
STEPHENS,senate,50,mail,32,1
THOMAS,house,173,mail,41,1
THOMAS,senate,11,mail,41,1
TROUP,house,72,mail,40,1
TROUP,senate,29,mail,40,1
UNION,house,8,mail,35,1
UNION,house,8,mail,36,3
UNION,senate,51,mail,35,1
UNION,senate,51,mail,36,3
WALKER,house,1,mail,35,2
WALKER,senate,53,mail,35,2
WALTON,house,112,mail,33,1
WALTON,house,112,mail,35,1
WALTON,house,112,mail,39,2
WALTON,house,112,mail,40,2
WALTON,senate,42,mail,35,1
WALTON,senate,42,mail,39,2
WALTON,senate,46,mail,33,1
WALTON,senate,46,mail,40,2
WARE,house,176,mail,33,1
WARE,house,176,mail,42,2
WARE,senate,8,mail,33,1
WARE,senate,8,mail,42,2
WHITE,house,8,mail,39,2
WHITE,house,8,mail,40,2
WHITE,house,8,mail,46,2
WHITE,senate,50,mail,46,2
WHITE,senate,51,mail,39,2
WHITE,senate,51,mail,40,2
WHITFIELD,house,2,mail,33,1
WHITFIELD,house,4,mail,32,1
WHITFIELD,house,4,mail,33,1
WHITFIELD,house,6,mail,34,1
WHITFIELD,senate,54,mail,32,1
WHITFIELD,senate,54,mail,33,2
WHITFIELD,senate,54,mail,34,1
