chamber,district,matched,same_pct
house,1,0,1.0
house,2,0,1.0
house,3,0,1.0
house,4,0,1.0
house,5,0,1.0
house,6,0,1.0
house,7,0,1.0
house,8,0,1.0
house,9,0,1.0
house,10,0,1.0
house,11,0,1.0
house,12,0,1.0
house,13,0,1.0
house,14,0,1.0
house,15,0,1.0
house,16,0,1.0
house,17,0,1.0
house,18,0,1.0
house,19,0,1.0
house,20,0,1.0
house,21,0,1.0
house,22,0,1.0
house,23,0,1.0
house,24,0,1.0
house,25,0,1.0
house,26,0,1.0
house,27,0,1.0
house,28,0,1.0
house,29,0,1.0
house,30,0,1.0
house,31,0,1.0
house,32,0,1.0
house,33,0,1.0
house,34,0,1.0
house,35,0,1.0
house,36,0,1.0
house,37,0,1.0
house,38,0,1.0
house,39,0,1.0
house,40,0,1.0
house,41,0,1.0
house,42,0,1.0
house,43,0,1.0
house,44,0,1.0
house,45,0,1.0
house,46,0,1.0
house,47,0,1.0
house,48,0,1.0
house,49,0,1.0
house,50,0,1.0
house,51,0,1.0
house,52,0,1.0
house,53,0,1.0
house,54,0,1.0
house,55,0,1.0
house,56,0,1.0
house,57,0,1.0
house,58,0,1.0
house,59,0,1.0
house,60,0,1.0
house,61,0,1.0
house,62,0,1.0
house,63,0,1.0
house,64,0,1.0
house,65,0,1.0
house,66,0,1.0
house,67,0,1.0
house,68,0,1.0
house,69,0,1.0
house,70,0,1.0
house,71,0,1.0
house,72,0,1.0
house,73,0,1.0
house,74,0,1.0
house,75,0,1.0
house,76,0,1.0
house,77,0,1.0
house,78,0,1.0
house,79,0,1.0
house,80,0,1.0
house,81,0,1.0
house,82,0,1.0
house,83,0,1.0
house,84,0,1.0
house,85,0,1.0
house,86,0,1.0
house,87,0,1.0
house,88,0,1.0
house,89,0,1.0
house,90,0,1.0
house,91,0,1.0
house,92,0,1.0
house,93,0,1.0
house,94,0,1.0
house,95,0,1.0
house,96,0,1.0
house,97,0,1.0
house,98,0,1.0
house,99,0,1.0
house,100,0,1.0
house,101,0,1.0
house,102,0,1.0
house,103,0,1.0
house,104,0,1.0
house,105,0,1.0
house,106,0,1.0
house,107,0,1.0
house,108,0,1.0
house,109,0,1.0
house,110,0,1.0
house,111,0,1.0
house,112,0,1.0
house,113,0,1.0
house,114,0,1.0
house,115,0,1.0
house,116,0,1.0
house,117,0,1.0
house,118,0,1.0
house,119,0,1.0
house,120,0,1.0
house,121,0,1.0
house,122,0,1.0
house,123,0,1.0
house,124,0,1.0
house,125,0,1.0
house,126,0,1.0
house,127,0,1.0
house,128,0,1.0
house,129,0,1.0
house,130,0,1.0
house,131,0,1.0
house,132,0,1.0
house,133,0,1.0
house,134,0,1.0
house,135,0,1.0
house,136,0,1.0
house,137,0,1.0
house,138,0,1.0
house,139,0,1.0
house,140,0,1.0
house,141,0,1.0
house,142,0,1.0
house,143,0,1.0
house,144,0,1.0
house,145,0,1.0
house,146,0,1.0
house,147,0,1.0
house,148,0,1.0
house,149,0,1.0
house,150,0,1.0
senate,1,0,1.0
senate,2,0,1.0
senate,3,0,1.0
senate,4,0,1.0
senate,5,0,1.0
senate,6,0,1.0
senate,7,0,1.0
senate,8,0,1.0
senate,9,0,1.0
senate,10,0,1.0
senate,11,0,1.0
senate,12,0,1.0
senate,13,0,1.0
senate,14,0,1.0
senate,15,0,1.0
senate,16,0,1.0
senate,17,0,1.0
senate,18,0,1.0
senate,19,0,1.0
senate,20,0,1.0
senate,21,0,1.0
senate,22,0,1.0
senate,23,0,1.0
senate,24,0,1.0
senate,25,0,1.0
senate,26,0,1.0
senate,27,0,1.0
senate,28,0,1.0
senate,29,0,1.0
senate,30,0,1.0
senate,31,0,1.0
congress,1,0,0.0
congress,2,0,0.0
congress,3,0,0.0
congress,4,0,0.0
congress,5,0,0.0
congress,6,0,0.0
congress,7,0,0.0
congress,8,0,0.0
congress,9,0,0.0
congress,10,0,0.0
congress,11,0,0.0
congress,12,0,0.0
congress,13,0,0.0
congress,14,0,0.0
congress,15,0,0.0
congress,16,0,0.0
congress,17,0,0.0
congress,18,0,0.0
congress,19,0,0.0
congress,20,0,0.0
congress,21,0,0.0
congress,22,0,0.0
congress,23,0,0.0
congress,24,0,0.0
congress,25,0,0.0
congress,26,0,0.0
congress,27,0,0.0
congress,28,0,0.0
congress,29,0,0.0
congress,30,0,0.0
congress,31,0,0.0
congress,32,0,0.0
congress,33,0,0.0
congress,34,0,0.0
congress,35,0,0.0
congress,36,0,0.0
congress,37,0,0.0
congress,38,0,0.0
